Workbook

Sheet Read me
A1: Frontier Consulting – D365 Estimation Model
A2: Fictitious test data – Copilot for Frontier Consultancy scenario testing
A4: Item | B4: Detail
A5: Purpose | B5: Frontier Consulting's practice estimation template for Microsoft Dynamics 365 bids (Business Applications practice, owner Lorette Roos). It converts counts of build items by complexity into effort days, adds phase overheads by role and prices the result at the standard day rates. Used in test scenarios where Copilot estimates the Zava bid (ZAV-RFP-2026-014).
A6: Test-data notice | B6: Fictitious test data – Copilot for Frontier Consultancy scenario testing. All companies, people and figures are fictitious.
A7: How to use | B7: 1) Check day rates on Parameters. 2) Check effort days on Complexity Matrix. 3) Check overhead percentages on Phase Overheads. 4) On Estimate, enter counts of Simple / Medium / Complex items in the blue cells. Effort by role, cost and checks calculate automatically.
A8: Method | B8: Build days = Σ(count × matrix days). Architect design & review = build days × architect % for the item type. Overheads (PM 12%, Testing 20%, Training 6%) are a % of total build & design days, assigned to one role each. Contingency 10% is applied to every role's subtotal. Cost = total days × role day rate.
A9: Colour legend | B9: Blue font = input you may change · Black = formula · Green = value pulled from another sheet · Teal fill = totals
A10: Day rates (AED) | B10: Architect 6,500 · Functional consultant 5,200 · Developer 4,800 · PM 6,000 · Data 4,800 · Change 4,500 (source: Frontier 2026 rate card)
A11: Sheet map
A12: Parameters | B12: Day rates by role (AED).
A13: Complexity Matrix | B13: Effort days per item type × complexity, primary role and architect %.
A14: Phase Overheads | B14: PM, Testing, Training and Contingency percentages and the role each is assigned to.
A15: Estimate | B15: Item counts → build days → overheads by role → total days and cost, with reconciliation checks.
A17: Fictitious test data – Copilot for Frontier Consultancy scenario testing

Sheet Parameters
A1: Parameters – day rates (AED)
A2: Blue = input you may change · Fictitious test data – Copilot for Frontier Consultancy scenario testing
A3: Role | B3: Day rate (AED) | C3: Typical Frontier staff | D3: Notes
A4: Architect | B4: 6500 | C4: Omar Khalil (CE + Power Platform), James Okafor (F&O / Finance) | D4: Standard 2026 practice rate, excl. VAT
A5: Functional consultant | B5: 5200 | C5: Lina Mansour, Rahul Verma | D5: Standard 2026 practice rate, excl. VAT
A6: Developer | B6: 4800 | C6: Arjun Mehta | D6: Standard 2026 practice rate, excl. VAT
A7: PM | B7: 6000 | C7: Priya Nair | D7: Standard 2026 practice rate, excl. VAT
A8: Data | B8: 4800 | C8: Noura Al Hashimi | D8: Standard 2026 practice rate, excl. VAT
A9: Change | B9: 4500 | C9: Tom Becker | D9: Standard 2026 practice rate, excl. VAT
A11: Currency | B11: AED
A12: Working days per week | B12: 5
A13: Rate card effective | B13: 46023

Sheet Complexity Matrix
A1: Complexity matrix – effort days per item
A2: Days of build effort per item, by complexity · Blue = input · Fictitious test data – Copilot for Frontier Consultancy scenario testing
A3: Item type | B3: Simple (days) | C3: Medium (days) | D3: Complex (days) | E3: Primary role | F3: Architect design & review (% of build) | G3: Definition / examples
A4: Configuration | B4: 0.5 | C4: 1.5 | D4: 4 | E4: Functional consultant | F4: 0.05 | G4: Entity/table, field, business rule, security role or parameter set-up
A5: Extension | B5: 2 | C5: 5 | D5: 12 | E5: Developer | F5: 0.15 | G5: Custom code or ISV extension to standard process
A6: Integration | B6: 5 | C6: 12 | D6: 25 | E6: Developer | F6: 0.2 | G6: Interface to an external system (API, file, dual-write customisation)
A7: Report | B7: 1.5 | C7: 4 | D7: 8 | E7: Developer | F7: 0.05 | G7: Power BI report, SSRS / Word template, financial report
A8: Data migration object | B8: 3 | C8: 6 | D8: 12 | E8: Data | F8: 0.1 | G8: One entity migrated end-to-end: extract, map, cleanse, load, reconcile
A9: Form/view | B9: 0.5 | C9: 1 | D9: 2.5 | E9: Functional consultant | F9: 0 | G9: Main form, quick-create form, view or dashboard
A10: Workflow/Power Automate | B10: 1 | C10: 2.5 | D10: 6 | E10: Functional consultant | F10: 0.05 | G10: Approval workflow, Power Automate cloud flow, BPF
A11: Plug-in | B11: 1.5 | C11: 4 | D11: 8 | E11: Developer | F11: 0.1 | G11: C# Dataverse plug-in or custom API
A12: X++ class | B12: 2 | C12: 5 | D12: 10 | E12: Developer | F12: 0.15 | G12: X++ class, chain-of-command extension or batch job in F&O

Sheet Phase Overheads
A1: Phase overheads – applied to total build & design days
A2: Blue = input · Fictitious test data – Copilot for Frontier Consultancy scenario testing
A3: Overhead | B3: % of build effort | C3: Assigned role | D3: Basis
A4: Project management | B4: 0.12 | C4: PM | D4: % of total build & design days (Estimate!H18)
A5: Testing | B5: 0.2 | C5: Functional consultant | D5: % of total build & design days – SIT, UAT support, regression
A6: Training | B6: 0.06 | C6: Change | D6: % of total build & design days – train-the-trainer, materials
A7: Contingency | B7: 0.1 | C7: All roles (pro rata) | D7: % of each role's subtotal (build + overheads)
A8: Total overhead before contingency | B8: =SUM(B4:B6) -> 0.38

Sheet Estimate
A1: Estimate – effort and cost by role
A2: Enter item counts in blue cells; everything else is calculated · Fictitious test data – Copilot for Frontier Consultancy scenario testing
A4: Customer | B4: Zava LLC
A5: Opportunity / bid ref | B5: ZAV-RFP-2026-014
A6: Estimate status | B6: Worked example with illustrative counts – replace counts with the RFP-driven item list
A8: Item type | B8: Simple (count) | C8: Medium (count) | D8: Complex (count) | E8: Build days | F8: Primary role | G8: Architect days | H8: Total build & design days
A9: Configuration | B9: 40 | C9: 25 | D9: 8 | E9: =SUMPRODUCT(B9:D9,INDEX('Complexity Matrix'!$B$4:$D$12,MATCH($A9,'Complexity Matrix'!$A$4:$A$12,0),0)) -> 89.5 | F9: =INDEX('Complexity Matrix'!$E$4:$E$12,MATCH($A9,'Complexity Matrix'!$A$4:$A$12,0)) -> Functional consultant | G9: =E9*INDEX('Complexity Matrix'!$F$4:$F$12,MATCH($A9,'Complexity Matrix'!$A$4:$A$12,0)) -> 4.475 | H9: =E9+G9 -> 93.975
A10: Extension | B10: 3 | C10: 5 | D10: 2 | E10: =SUMPRODUCT(B10:D10,INDEX('Complexity Matrix'!$B$4:$D$12,MATCH($A10,'Complexity Matrix'!$A$4:$A$12,0),0)) -> 55 | F10: =INDEX('Complexity Matrix'!$E$4:$E$12,MATCH($A10,'Complexity Matrix'!$A$4:$A$12,0)) -> Developer | G10: =E10*INDEX('Complexity Matrix'!$F$4:$F$12,MATCH($A10,'Complexity Matrix'!$A$4:$A$12,0)) -> 8.25 | H10: =E10+G10 -> 63.25
A11: Integration | B11: 1 | C11: 3 | D11: 2 | E11: =SUMPRODUCT(B11:D11,INDEX('Complexity Matrix'!$B$4:$D$12,MATCH($A11,'Complexity Matrix'!$A$4:$A$12,0),0)) -> 91 | F11: =INDEX('Complexity Matrix'!$E$4:$E$12,MATCH($A11,'Complexity Matrix'!$A$4:$A$12,0)) -> Developer | G11: =E11*INDEX('Complexity Matrix'!$F$4:$F$12,MATCH($A11,'Complexity Matrix'!$A$4:$A$12,0)) -> 18.2 | H11: =E11+G11 -> 109.2
A12: Report | B12: 6 | C12: 5 | D12: 2 | E12: =SUMPRODUCT(B12:D12,INDEX('Complexity Matrix'!$B$4:$D$12,MATCH($A12,'Complexity Matrix'!$A$4:$A$12,0),0)) -> 45 | F12: =INDEX('Complexity Matrix'!$E$4:$E$12,MATCH($A12,'Complexity Matrix'!$A$4:$A$12,0)) -> Developer | G12: =E12*INDEX('Complexity Matrix'!$F$4:$F$12,MATCH($A12,'Complexity Matrix'!$A$4:$A$12,0)) -> 2.25 | H12: =E12+G12 -> 47.25
A13: Data migration object | B13: 6 | C13: 8 | D13: 4 | E13: =SUMPRODUCT(B13:D13,INDEX('Complexity Matrix'!$B$4:$D$12,MATCH($A13,'Complexity Matrix'!$A$4:$A$12,0),0)) -> 114 | F13: =INDEX('Complexity Matrix'!$E$4:$E$12,MATCH($A13,'Complexity Matrix'!$A$4:$A$12,0)) -> Data | G13: =E13*INDEX('Complexity Matrix'!$F$4:$F$12,MATCH($A13,'Complexity Matrix'!$A$4:$A$12,0)) -> 11.4 | H13: =E13+G13 -> 125.4
A14: Form/view | B14: 20 | C14: 12 | D14: 4 | E14: =SUMPRODUCT(B14:D14,INDEX('Complexity Matrix'!$B$4:$D$12,MATCH($A14,'Complexity Matrix'!$A$4:$A$12,0),0)) -> 32 | F14: =INDEX('Complexity Matrix'!$E$4:$E$12,MATCH($A14,'Complexity Matrix'!$A$4:$A$12,0)) -> Functional consultant | G14: =E14*INDEX('Complexity Matrix'!$F$4:$F$12,MATCH($A14,'Complexity Matrix'!$A$4:$A$12,0)) -> 0 | H14: =E14+G14 -> 32
A15: Workflow/Power Automate | B15: 8 | C15: 6 | D15: 2 | E15: =SUMPRODUCT(B15:D15,INDEX('Complexity Matrix'!$B$4:$D$12,MATCH($A15,'Complexity Matrix'!$A$4:$A$12,0),0)) -> 35 | F15: =INDEX('Complexity Matrix'!$E$4:$E$12,MATCH($A15,'Complexity Matrix'!$A$4:$A$12,0)) -> Functional consultant | G15: =E15*INDEX('Complexity Matrix'!$F$4:$F$12,MATCH($A15,'Complexity Matrix'!$A$4:$A$12,0)) -> 1.75 | H15: =E15+G15 -> 36.75
A16: Plug-in | B16: 3 | C16: 4 | D16: 2 | E16: =SUMPRODUCT(B16:D16,INDEX('Complexity Matrix'!$B$4:$D$12,MATCH($A16,'Complexity Matrix'!$A$4:$A$12,0),0)) -> 36.5 | F16: =INDEX('Complexity Matrix'!$E$4:$E$12,MATCH($A16,'Complexity Matrix'!$A$4:$A$12,0)) -> Developer | G16: =E16*INDEX('Complexity Matrix'!$F$4:$F$12,MATCH($A16,'Complexity Matrix'!$A$4:$A$12,0)) -> 3.65 | H16: =E16+G16 -> 40.15
A17: X++ class | B17: 2 | C17: 3 | D17: 1 | E17: =SUMPRODUCT(B17:D17,INDEX('Complexity Matrix'!$B$4:$D$12,MATCH($A17,'Complexity Matrix'!$A$4:$A$12,0),0)) -> 29 | F17: =INDEX('Complexity Matrix'!$E$4:$E$12,MATCH($A17,'Complexity Matrix'!$A$4:$A$12,0)) -> Developer | G17: =E17*INDEX('Complexity Matrix'!$F$4:$F$12,MATCH($A17,'Complexity Matrix'!$A$4:$A$12,0)) -> 4.35 | H17: =E17+G17 -> 33.35
A18: Total | B18: =SUM(B9:B17) -> 89 | C18: =SUM(C9:C17) -> 71 | D18: =SUM(D9:D17) -> 27 | E18: =SUM(E9:E17) -> 527 | G18: =SUM(G9:G17) -> 54.325 | H18: =SUM(H9:H17) -> 581.325
A20: Role | B20: Build & design days | C20: Project management | D20: Testing | E20: Training | F20: Subtotal days | G20: Contingency | H20: Total days | I20: Day rate (AED) | J20: Cost (AED)
A21: =Parameters!A4 -> Architect | B21: =SUMIF($F$9:$F$17,$A21,$E$9:$E$17)+IF($A21=Parameters!$A$4,$G$18,0) -> 54.325 | C21: =IF($A21='Phase Overheads'!$C$4,$H$18*'Phase Overheads'!$B$4,0) -> 0 | D21: =IF($A21='Phase Overheads'!$C$5,$H$18*'Phase Overheads'!$B$5,0) -> 0 | E21: =IF($A21='Phase Overheads'!$C$6,$H$18*'Phase Overheads'!$B$6,0) -> 0 | F21: =SUM(B21:E21) -> 54.325 | G21: =F21*'Phase Overheads'!$B$7 -> 5.4325 | H21: =F21+G21 -> 59.7575 | I21: =INDEX(Parameters!$B$4:$B$9,MATCH($A21,Parameters!$A$4:$A$9,0)) -> 6500 | J21: =H21*I21 -> 388423.75
A22: =Parameters!A5 -> Functional consultant | B22: =SUMIF($F$9:$F$17,$A22,$E$9:$E$17)+IF($A22=Parameters!$A$4,$G$18,0) -> 156.5 | C22: =IF($A22='Phase Overheads'!$C$4,$H$18*'Phase Overheads'!$B$4,0) -> 0 | D22: =IF($A22='Phase Overheads'!$C$5,$H$18*'Phase Overheads'!$B$5,0) -> 116.265 | E22: =IF($A22='Phase Overheads'!$C$6,$H$18*'Phase Overheads'!$B$6,0) -> 0 | F22: =SUM(B22:E22) -> 272.765 | G22: =F22*'Phase Overheads'!$B$7 -> 27.2765 | H22: =F22+G22 -> 300.0415 | I22: =INDEX(Parameters!$B$4:$B$9,MATCH($A22,Parameters!$A$4:$A$9,0)) -> 5200 | J22: =H22*I22 -> 1560215.8
A23: =Parameters!A6 -> Developer | B23: =SUMIF($F$9:$F$17,$A23,$E$9:$E$17)+IF($A23=Parameters!$A$4,$G$18,0) -> 256.5 | C23: =IF($A23='Phase Overheads'!$C$4,$H$18*'Phase Overheads'!$B$4,0) -> 0 | D23: =IF($A23='Phase Overheads'!$C$5,$H$18*'Phase Overheads'!$B$5,0) -> 0 | E23: =IF($A23='Phase Overheads'!$C$6,$H$18*'Phase Overheads'!$B$6,0) -> 0 | F23: =SUM(B23:E23) -> 256.5 | G23: =F23*'Phase Overheads'!$B$7 -> 25.65 | H23: =F23+G23 -> 282.15 | I23: =INDEX(Parameters!$B$4:$B$9,MATCH($A23,Parameters!$A$4:$A$9,0)) -> 4800 | J23: =H23*I23 -> 1354320
A24: =Parameters!A7 -> PM | B24: =SUMIF($F$9:$F$17,$A24,$E$9:$E$17)+IF($A24=Parameters!$A$4,$G$18,0) -> 0 | C24: =IF($A24='Phase Overheads'!$C$4,$H$18*'Phase Overheads'!$B$4,0) -> 69.759 | D24: =IF($A24='Phase Overheads'!$C$5,$H$18*'Phase Overheads'!$B$5,0) -> 0 | E24: =IF($A24='Phase Overheads'!$C$6,$H$18*'Phase Overheads'!$B$6,0) -> 0 | F24: =SUM(B24:E24) -> 69.759 | G24: =F24*'Phase Overheads'!$B$7 -> 6.9759 | H24: =F24+G24 -> 76.7349 | I24: =INDEX(Parameters!$B$4:$B$9,MATCH($A24,Parameters!$A$4:$A$9,0)) -> 6000 | J24: =H24*I24 -> 460409.4
A25: =Parameters!A8 -> Data | B25: =SUMIF($F$9:$F$17,$A25,$E$9:$E$17)+IF($A25=Parameters!$A$4,$G$18,0) -> 114 | C25: =IF($A25='Phase Overheads'!$C$4,$H$18*'Phase Overheads'!$B$4,0) -> 0 | D25: =IF($A25='Phase Overheads'!$C$5,$H$18*'Phase Overheads'!$B$5,0) -> 0 | E25: =IF($A25='Phase Overheads'!$C$6,$H$18*'Phase Overheads'!$B$6,0) -> 0 | F25: =SUM(B25:E25) -> 114 | G25: =F25*'Phase Overheads'!$B$7 -> 11.4 | H25: =F25+G25 -> 125.4 | I25: =INDEX(Parameters!$B$4:$B$9,MATCH($A25,Parameters!$A$4:$A$9,0)) -> 4800 | J25: =H25*I25 -> 601920
A26: =Parameters!A9 -> Change | B26: =SUMIF($F$9:$F$17,$A26,$E$9:$E$17)+IF($A26=Parameters!$A$4,$G$18,0) -> 0 | C26: =IF($A26='Phase Overheads'!$C$4,$H$18*'Phase Overheads'!$B$4,0) -> 0 | D26: =IF($A26='Phase Overheads'!$C$5,$H$18*'Phase Overheads'!$B$5,0) -> 0 | E26: =IF($A26='Phase Overheads'!$C$6,$H$18*'Phase Overheads'!$B$6,0) -> 34.8795 | F26: =SUM(B26:E26) -> 34.8795 | G26: =F26*'Phase Overheads'!$B$7 -> 3.48795 | H26: =F26+G26 -> 38.36745 | I26: =INDEX(Parameters!$B$4:$B$9,MATCH($A26,Parameters!$A$4:$A$9,0)) -> 4500 | J26: =H26*I26 -> 172653.52
A27: Total | B27: =SUM(B21:B26) -> 581.325 | C27: =SUM(C21:C26) -> 69.759 | D27: =SUM(D21:D26) -> 116.265 | E27: =SUM(E21:E26) -> 34.8795 | F27: =SUM(F21:F26) -> 802.2285 | G27: =SUM(G21:G26) -> 80.22285 | H27: =SUM(H21:H26) -> 882.45135 | I27: =IF(H27=0,0,J27/H27) -> 5142.4279 | J27: =SUM(J21:J26) -> 4537942.5
I28: ← blended rate
A30: Key results
A31: Total effort (days) | B31: =H27 -> 882.45135
A32: Total fees (AED) | B32: =J27 -> 4537942.5
A33: Blended day rate (AED) | B33: =I27 -> 5142.4279
A34: Overheads as % of build | B34: =IF(H18=0,0,(C27+D27+E27)/H18) -> 0.38
A35: Check: overheads reconcile (should be 0) | B35: =ROUND(C27+D27+E27-H18*'Phase Overheads'!B8,6) -> 0
A36: Check: build days reconcile (should be 0) | B36: =ROUND(B27-H18,6) -> 0
